<?xml version="1.0" encoding="UTF-8"?><idempiere Name="AD_SysConfig" Version="1.0.0" idempiereVersion="7.1.0.qualifier" DataBaseVersion="2019-11-22" Description="" Author="SuperUser" AuthorEmail="" CreatedDate="Sun Jul 24 00:31:49 IST 2022" UpdatedDate="Sun Jul 24 00:31:49 IST 2022" PackOutVersion="100" UpdateDictionary="true" Client="0-SYSTEM-System" AD_Client_UU="11237b53-9592-4af1-b3c5-afd216514b5d">
    <AD_SysConfig type="table">
        <AD_Client_ID>0</AD_Client_ID>
        <AD_Org_ID>0</AD_Org_ID>
        <IsActive>Y</IsActive>
        <Name>MRP_ENABLED</Name>
        <Value>Y</Value>
        <Description>If don't want to use Material Resource Planning then make this N so it do not generate MRP records</Description>
        <EntityType>EE01</EntityType>
        <ConfigurationLevel>S</ConfigurationLevel>
        <AD_SysConfig_UU>b80c760a-6d96-454c-bee0-6ee509493978</AD_SysConfig_UU>
    </AD_SysConfig>
</idempiere>
