<?xml version="1.0" encoding="UTF-8"?><idempiere Name="MOMaterial" Version="1.0.0" idempiereVersion="" DataBaseVersion="" Description="" Author="" AuthorEmail="" CreatedDate="2023-10-09 11:31:53.994" UpdatedDate="2023-10-09 11:45:56.953" PackOutVersion="100" UpdateDictionary="true" Client="0-SYSTEM-System" AD_Client_UU="11237b53-9592-4af1-b3c5-afd216514b5d">
    <AD_Val_Rule type="table">
        <AD_Client_ID>0</AD_Client_ID>
        <AD_Org_ID>0</AD_Org_ID>
        <Name>PP_Product_BOMLine</Name>
        <Description/>
        <Type>S</Type>
        <Code>PP_Product_BOM_ID=@PP_Product_BOM_ID@</Code>
        <IsActive>Y</IsActive>
        <EntityType>U</EntityType>
        <AD_Val_Rule_UU>14fddb43-1105-49f7-9e7c-e034da4a7d3c</AD_Val_Rule_UU>
    </AD_Val_Rule>
    <AD_Column type="table">
        <IsSyncDatabase>Y</IsSyncDatabase>
        <AD_Table_ID reference="id">53025</AD_Table_ID>
        <AD_Reference_Value_ID reference="id"/>
        <AD_Client_ID>0</AD_Client_ID>
        <AD_Org_ID>0</AD_Org_ID>
        <Version>0</Version>
        <Name>BOM Line</Name>
        <Description>BOM Line</Description>
        <Help>The BOM Line is a unique identifier for a BOM line in an BOM.</Help>
        <AD_Val_Rule_ID reference="uuid" reference-key="AD_Val_Rule">14fddb43-1105-49f7-9e7c-e034da4a7d3c</AD_Val_Rule_ID>
        <ColumnName>PP_Product_BOMLine_ID</ColumnName>
        <DefaultValue/>
        <FieldLength>10</FieldLength>
        <IsKey>N</IsKey>
        <IsParent>N</IsParent>
        <IsMandatory>N</IsMandatory>
        <IsTranslated>N</IsTranslated>
        <IsIdentifier>N</IsIdentifier>
        <SeqNo>0</SeqNo>
        <IsEncrypted>N</IsEncrypted>
        <AD_Reference_ID reference="id">19</AD_Reference_ID>
        <IsActive>Y</IsActive>
        <VFormat/>
        <Callout/>
        <AD_Element_ID reference="id">53254</AD_Element_ID>
        <IsUpdateable>Y</IsUpdateable>
        <AD_Process_ID reference="id"/>
        <ValueMin/>
        <ValueMax/>
        <IsSelectionColumn>N</IsSelectionColumn>
        <ReadOnlyLogic/>
        <EntityType>EE01</EntityType>
        <IsAlwaysUpdateable>N</IsAlwaysUpdateable>
        <ColumnSQL/>
        <MandatoryLogic/>
        <IsAutocomplete>N</IsAutocomplete>
        <IsAllowLogging>Y</IsAllowLogging>
        <FormatPattern/>
        <AD_Chart_ID reference="id"/>
        <AD_Column_UU>54be7e95-5d52-4ffb-93d4-a5268cb6c7f5</AD_Column_UU>
        <IsAllowCopy>Y</IsAllowCopy>
        <SeqNoSelection>0</SeqNoSelection>
        <IsToolbarButton>N</IsToolbarButton>
        <IsSecure>N</IsSecure>
        <FKConstraintName>PPProductBOMLine_PPOrderBOMLin</FKConstraintName>
        <FKConstraintType>N</FKConstraintType>
        <PA_DashboardContent_ID reference="id"/>
        <Placeholder/>
        <IsHtml>N</IsHtml>
        <AD_Val_Rule_Lookup_ID reference="id"/>
        <AlwaysUpdatableLogic/>
        <IsDisableZoomAcross>N</IsDisableZoomAcross>
    </AD_Column>
</idempiere>
