<?xml version="1.0" encoding="UTF-8"?><idempiere Name="AD_SysConfig" Version="1.0.0" idempiereVersion="7.1.0.qualifier" DataBaseVersion="2019-11-22" Description="" Author="SuperUser" AuthorEmail="" CreatedDate="Thu Jun 01 12:05:26 IST 2023" UpdatedDate="Thu Jun 01 12:05:26 IST 2023" PackOutVersion="100" UpdateDictionary="true" Client="0-SYSTEM-System" AD_Client_UU="11237b53-9592-4af1-b3c5-afd216514b5d">
    <AD_SysConfig type="table">
        <AD_Client_ID>0</AD_Client_ID>
        <AD_Org_ID>0</AD_Org_ID>
        <IsActive>Y</IsActive>
        <Name>PP_COSTCOLLECTOR_COSTAMT_VARIATION_THRESOLD</Name>
        <Value>0</Value>
        <Description>Thresold of cost amount delta can be ignored which may cause reposting exception</Description>
        <EntityType>EE01</EntityType>
        <ConfigurationLevel>C</ConfigurationLevel>
        <AD_SysConfig_UU>35fb98cb-3723-42a7-ad65-753dc147e09f</AD_SysConfig_UU>
    </AD_SysConfig>
</idempiere>
