<?xml version="1.0" encoding="UTF-8"?><idempiere Name="ManufacturingWorkflow" Version="1.0.1" idempiereVersion="" DataBaseVersion="" Description="" Author="" AuthorEmail="" CreatedDate="2021-05-05 18:54:22.26" UpdatedDate="2021-05-05 18:54:22.26" PackOutVersion="100" UpdateDictionary="true" Client="0-SYSTEM-System" AD_Client_UU="11237b53-9592-4af1-b3c5-afd216514b5d">
    <AD_Column type="table">
        <AD_Column_ID>53280</AD_Column_ID>
        <IsSyncDatabase>Y</IsSyncDatabase>
        <AD_Table_ID reference="id">53016</AD_Table_ID>
        <AD_Reference_Value_ID reference="id"/>
        <AD_Client_ID>0</AD_Client_ID>
        <AD_Org_ID>0</AD_Org_ID>
        <AD_Column_ID>53280</AD_Column_ID>
        <Version>0</Version>
        <Name>Node</Name>
        <Description>Workflow Node (activity), step or process</Description>
        <Help>The Workflow Node indicates a unique step or process in a Workflow.</Help>
        <AD_Val_Rule_ID reference="id"/>
        <ColumnName>AD_WF_Node_ID</ColumnName>
        <DefaultValue>@1|AD_WF_Node_ID@</DefaultValue>
        <FieldLength>22</FieldLength>
        <IsKey>N</IsKey>
        <IsParent>Y</IsParent>
        <IsMandatory>Y</IsMandatory>
        <IsTranslated>N</IsTranslated>
        <IsIdentifier>N</IsIdentifier>
        <SeqNo/>
        <IsEncrypted>N</IsEncrypted>
        <AD_Reference_ID reference="id">19</AD_Reference_ID>
        <IsActive>Y</IsActive>
        <VFormat/>
        <Callout/>
        <AD_Element_ID reference="id">142</AD_Element_ID>
        <IsUpdateable>N</IsUpdateable>
        <AD_Process_ID reference="id"/>
        <ValueMin/>
        <ValueMax/>
        <IsSelectionColumn>N</IsSelectionColumn>
        <ReadOnlyLogic/>
        <EntityType>EE01</EntityType>
        <IsAlwaysUpdateable>N</IsAlwaysUpdateable>
        <ColumnSQL/>
        <MandatoryLogic/>
        <IsAutocomplete>N</IsAutocomplete>
        <IsAllowLogging>Y</IsAllowLogging>
        <FormatPattern/>
        <AD_Chart_ID reference="id"/>
        <AD_Column_UU>d6ce00bb-5713-4588-907c-e1bea10befbf</AD_Column_UU>
        <IsAllowCopy>Y</IsAllowCopy>
        <SeqNoSelection/>
        <IsToolbarButton>N</IsToolbarButton>
        <IsSecure>N</IsSecure>
        <FKConstraintName>adwfnode_ppwfnodeproduct</FKConstraintName>
        <FKConstraintType>N</FKConstraintType>
        <PA_DashboardContent_ID reference="id"/>
        <Placeholder/>
        <IsHtml>N</IsHtml>
        <AD_Val_Rule_Lookup_ID reference="id"/>
    </AD_Column>
    <AD_Column type="table">
        <AD_Column_ID>53294</AD_Column_ID>
        <IsSyncDatabase>Y</IsSyncDatabase>
        <AD_Table_ID reference="id">53017</AD_Table_ID>
        <AD_Reference_Value_ID reference="id"/>
        <AD_Client_ID>0</AD_Client_ID>
        <AD_Org_ID>0</AD_Org_ID>
        <AD_Column_ID>53294</AD_Column_ID>
        <Version>0</Version>
        <Name>Node</Name>
        <Description>Workflow Node (activity), step or process</Description>
        <Help>The Workflow Node indicates a unique step or process in a Workflow.</Help>
        <AD_Val_Rule_ID reference="id"/>
        <ColumnName>AD_WF_Node_ID</ColumnName>
        <DefaultValue>@1|AD_WF_Node_ID@</DefaultValue>
        <FieldLength>22</FieldLength>
        <IsKey>N</IsKey>
        <IsParent>Y</IsParent>
        <IsMandatory>Y</IsMandatory>
        <IsTranslated>N</IsTranslated>
        <IsIdentifier>N</IsIdentifier>
        <SeqNo/>
        <IsEncrypted>N</IsEncrypted>
        <AD_Reference_ID reference="id">19</AD_Reference_ID>
        <IsActive>Y</IsActive>
        <VFormat/>
        <Callout/>
        <AD_Element_ID reference="id">142</AD_Element_ID>
        <IsUpdateable>N</IsUpdateable>
        <AD_Process_ID reference="id"/>
        <ValueMin/>
        <ValueMax/>
        <IsSelectionColumn>N</IsSelectionColumn>
        <ReadOnlyLogic/>
        <EntityType>EE01</EntityType>
        <IsAlwaysUpdateable>N</IsAlwaysUpdateable>
        <ColumnSQL/>
        <MandatoryLogic/>
        <IsAutocomplete>N</IsAutocomplete>
        <IsAllowLogging>Y</IsAllowLogging>
        <FormatPattern/>
        <AD_Chart_ID reference="id"/>
        <AD_Column_UU>48a8388f-3612-406a-bf2c-4e77e8e58715</AD_Column_UU>
        <IsAllowCopy>Y</IsAllowCopy>
        <SeqNoSelection/>
        <IsToolbarButton>N</IsToolbarButton>
        <IsSecure>N</IsSecure>
        <FKConstraintName>adwfnode_ppwfnodeasset</FKConstraintName>
        <FKConstraintType>N</FKConstraintType>
        <PA_DashboardContent_ID reference="id"/>
        <Placeholder/>
        <IsHtml>N</IsHtml>
        <AD_Val_Rule_Lookup_ID reference="id"/>
    </AD_Column>
    <AD_Tab type="table">
        <AD_Tab_ID>53019</AD_Tab_ID>
        <AD_Client_ID>0</AD_Client_ID>
        <AD_Org_ID>0</AD_Org_ID>
        <AD_Tab_ID>53019</AD_Tab_ID>
        <Name>Manufacturing Workflows Translation</Name>
        <Description/>
        <Help/>
        <AD_Window_ID reference="id">53005</AD_Window_ID>
        <SeqNo>100</SeqNo>
        <IsSingleRow>Y</IsSingleRow>
        <AD_Table_ID reference="id">133</AD_Table_ID>
        <IsActive>Y</IsActive>
        <HasTree>N</HasTree>
        <IsInfoTab>N</IsInfoTab>
        <IsTranslationTab>Y</IsTranslationTab>
        <IsReadOnly>N</IsReadOnly>
        <AD_Column_ID reference="id"/>
        <WhereClause/>
        <OrderByClause/>
        <CommitWarning/>
        <AD_Process_ID reference="id"/>
        <Processing>N</Processing>
        <AD_Image_ID reference="id"/>
        <ImportFields/>
        <TabLevel>1</TabLevel>
        <IsSortTab>N</IsSortTab>
        <AD_ColumnSortYesNo_ID reference="id"/>
        <AD_ColumnSortOrder_ID reference="id"/>
        <EntityType>EE01</EntityType>
        <Included_Tab_ID reference="id"/>
        <ReadOnlyLogic/>
        <DisplayLogic/>
        <IsInsertRecord>N</IsInsertRecord>
        <IsAdvancedTab>N</IsAdvancedTab>
        <Parent_Column_ID reference="id"/>
        <AD_Tab_UU>982d008f-3909-45c3-8298-baecc5a237fe</AD_Tab_UU>
        <AD_CtxHelp_ID reference="id"/>
        <TreeDisplayedOn>B</TreeDisplayedOn>
        <AD_TabType/>
        <IsLookupOnlySelection>N</IsLookupOnlySelection>
        <IsAllowAdvancedLookup>Y</IsAllowAdvancedLookup>
        <MaxQueryRecords>0</MaxQueryRecords>
        <PageSize/>
        <DetailPageSize/>
    </AD_Tab>
    <AD_Tab type="table">
        <AD_Tab_ID>53027</AD_Tab_ID>
        <AD_Client_ID>0</AD_Client_ID>
        <AD_Org_ID>0</AD_Org_ID>
        <AD_Tab_ID>53027</AD_Tab_ID>
        <Name>Manufacturing Workflows</Name>
        <Description>Workflows used by manufacture a product</Description>
        <Help/>
        <AD_Window_ID reference="id">53005</AD_Window_ID>
        <SeqNo>10</SeqNo>
        <IsSingleRow>Y</IsSingleRow>
        <AD_Table_ID reference="id">117</AD_Table_ID>
        <IsActive>Y</IsActive>
        <HasTree>N</HasTree>
        <IsInfoTab>N</IsInfoTab>
        <IsTranslationTab>N</IsTranslationTab>
        <IsReadOnly>N</IsReadOnly>
        <AD_Column_ID reference="id"/>
        <WhereClause>AD_Workflow.WorkflowType='M' OR AD_Workflow.WorkflowType='Q'</WhereClause>
        <OrderByClause/>
        <CommitWarning/>
        <AD_Process_ID reference="id"/>
        <Processing>N</Processing>
        <AD_Image_ID reference="id"/>
        <ImportFields/>
        <TabLevel>0</TabLevel>
        <IsSortTab>N</IsSortTab>
        <AD_ColumnSortYesNo_ID reference="id"/>
        <AD_ColumnSortOrder_ID reference="id"/>
        <EntityType>EE01</EntityType>
        <Included_Tab_ID reference="id"/>
        <ReadOnlyLogic/>
        <DisplayLogic/>
        <IsInsertRecord>Y</IsInsertRecord>
        <IsAdvancedTab>N</IsAdvancedTab>
        <Parent_Column_ID reference="id"/>
        <AD_Tab_UU>b5ec29be-1298-4e3a-bce5-c3abee707995</AD_Tab_UU>
        <AD_CtxHelp_ID reference="id"/>
        <TreeDisplayedOn>B</TreeDisplayedOn>
        <AD_TabType/>
        <IsLookupOnlySelection>N</IsLookupOnlySelection>
        <IsAllowAdvancedLookup>Y</IsAllowAdvancedLookup>
        <MaxQueryRecords>0</MaxQueryRecords>
        <PageSize/>
        <DetailPageSize/>
    </AD_Tab>
</idempiere>
