<?xml version="1.0" encoding="UTF-8"?><idempiere Name="UomList" Version="1" idempiereVersion="" DataBaseVersion="" Description="Add Time UOM Data. Set validation rule on Resource Type(UOM)" Author="" AuthorEmail="" CreatedDate="2021-05-18 11:18:19.2" UpdatedDate="2021-05-18 11:18:19.2" PackOutVersion="100" UpdateDictionary="false" Client="0-SYSTEM-System" AD_Client_UU="11237b53-9592-4af1-b3c5-afd216514b5d">
    <C_UOM type="table">
        <AD_Client_ID>0</AD_Client_ID>
        <AD_Org_ID>0</AD_Org_ID>
        <C_UOM_ID>102</C_UOM_ID>
        <Name>Day</Name>
        <Description/>
        <StdPrecision>2</StdPrecision>
        <CostingPrecision>2</CostingPrecision>
        <IsActive>Y</IsActive>
        <UOMSymbol>d  </UOMSymbol>
        <X12DE355>DA</X12DE355>
        <IsDefault>N</IsDefault>
        <UOMType>TM</UOMType>
        <C_UOM_UU>68535d3f-596a-4400-9f72-ad032ec9e145</C_UOM_UU>
        <LIN_GSTCode/>
        <LIN_EWayDescription/>
    </C_UOM>
    <C_UOM type="table">
        <AD_Client_ID>0</AD_Client_ID>
        <AD_Org_ID>0</AD_Org_ID>
        <C_UOM_ID>101</C_UOM_ID>
        <Name>Hour</Name>
        <Description/>
        <StdPrecision>2</StdPrecision>
        <CostingPrecision>2</CostingPrecision>
        <IsActive>Y</IsActive>
        <UOMSymbol>h  </UOMSymbol>
        <X12DE355>HR</X12DE355>
        <IsDefault>N</IsDefault>
        <UOMType>TM</UOMType>
        <C_UOM_UU>ddba8d0f-26ca-4fe4-8253-a60d0dd22d1b</C_UOM_UU>
        <LIN_GSTCode/>
        <LIN_EWayDescription/>
    </C_UOM>
    <C_UOM type="table">
        <AD_Client_ID>0</AD_Client_ID>
        <AD_Org_ID>0</AD_Org_ID>
        <C_UOM_ID>103</C_UOM_ID>
        <Name>Minutes</Name>
        <Description>(lowest unit for resorce assigments)</Description>
        <StdPrecision>0</StdPrecision>
        <CostingPrecision>0</CostingPrecision>
        <IsActive>Y</IsActive>
        <UOMSymbol>m  </UOMSymbol>
        <X12DE355>MJ</X12DE355>
        <IsDefault>N</IsDefault>
        <UOMType>TM</UOMType>
        <C_UOM_UU>06edf453-43b0-41f3-9767-1dcc0dba33de</C_UOM_UU>
        <LIN_GSTCode/>
        <LIN_EWayDescription/>
    </C_UOM>
    <C_UOM type="table">
        <AD_Client_ID>0</AD_Client_ID>
        <AD_Org_ID>0</AD_Org_ID>
        <C_UOM_ID>106</C_UOM_ID>
        <Name>Month</Name>
        <Description>30 days</Description>
        <StdPrecision>2</StdPrecision>
        <CostingPrecision>2</CostingPrecision>
        <IsActive>Y</IsActive>
        <UOMSymbol>m  </UOMSymbol>
        <X12DE355>MO</X12DE355>
        <IsDefault>N</IsDefault>
        <UOMType>TM</UOMType>
        <C_UOM_UU>c2dbbdb4-433e-47d2-91bc-6e2b00c2644b</C_UOM_UU>
        <LIN_GSTCode/>
        <LIN_EWayDescription/>
    </C_UOM>
    <C_UOM type="table">
        <AD_Client_ID>0</AD_Client_ID>
        <AD_Org_ID>0</AD_Org_ID>
        <C_UOM_ID>105</C_UOM_ID>
        <Name>Week</Name>
        <Description/>
        <StdPrecision>2</StdPrecision>
        <CostingPrecision>2</CostingPrecision>
        <IsActive>Y</IsActive>
        <UOMSymbol>w  </UOMSymbol>
        <X12DE355>WK</X12DE355>
        <IsDefault>N</IsDefault>
        <UOMType>TM</UOMType>
        <C_UOM_UU>a409bde4-f5c9-4c07-9752-99602fccd687</C_UOM_UU>
        <LIN_GSTCode/>
        <LIN_EWayDescription/>
    </C_UOM>
    <C_UOM type="table">
        <AD_Client_ID>0</AD_Client_ID>
        <AD_Org_ID>0</AD_Org_ID>
        <C_UOM_ID>104</C_UOM_ID>
        <Name>Work Day</Name>
        <Description>8 hour</Description>
        <StdPrecision>2</StdPrecision>
        <CostingPrecision>2</CostingPrecision>
        <IsActive>Y</IsActive>
        <UOMSymbol>D  </UOMSymbol>
        <X12DE355>WD</X12DE355>
        <IsDefault>N</IsDefault>
        <UOMType>TM</UOMType>
        <C_UOM_UU>e12aed18-09e9-4fd1-ad41-a9d5156b37ee</C_UOM_UU>
        <LIN_GSTCode/>
        <LIN_EWayDescription/>
    </C_UOM>
    <C_UOM type="table">
        <AD_Client_ID>0</AD_Client_ID>
        <AD_Org_ID>0</AD_Org_ID>
        <C_UOM_ID>107</C_UOM_ID>
        <Name>Working Month</Name>
        <Description>20 days</Description>
        <StdPrecision>2</StdPrecision>
        <CostingPrecision>2</CostingPrecision>
        <IsActive>Y</IsActive>
        <UOMSymbol>M  </UOMSymbol>
        <X12DE355>WM</X12DE355>
        <IsDefault>N</IsDefault>
        <UOMType>TM</UOMType>
        <C_UOM_UU>828cba55-5a25-47b7-ba18-c86874223324</C_UOM_UU>
        <LIN_GSTCode/>
        <LIN_EWayDescription/>
    </C_UOM>
    <C_UOM type="table">
        <AD_Client_ID>0</AD_Client_ID>
        <AD_Org_ID>0</AD_Org_ID>
        <C_UOM_ID>108</C_UOM_ID>
        <Name>Year</Name>
        <Description/>
        <StdPrecision>2</StdPrecision>
        <CostingPrecision>2</CostingPrecision>
        <IsActive>Y</IsActive>
        <UOMSymbol>y  </UOMSymbol>
        <X12DE355>YR</X12DE355>
        <IsDefault>N</IsDefault>
        <UOMType>TM</UOMType>
        <C_UOM_UU>648f31ee-4630-4ff5-b6e2-6df0946f4ab4</C_UOM_UU>
        <LIN_GSTCode/>
        <LIN_EWayDescription/>
    </C_UOM>
	<AD_Val_Rule type="table">
        <AD_Client_ID>0</AD_Client_ID>
        <AD_Org_ID>0</AD_Org_ID>
        <Name>C_UOM Conversion (Time)</Name>
        <Description/>
        <Type>S</Type>
        <Code>(C_UOM.UOMType = 'TM')</Code>
        <IsActive>Y</IsActive>
        <EntityType>EE01</EntityType>
        <AD_Val_Rule_UU>3c8db4a7-e2b5-4d92-ac00-5d3fe37e6bf4</AD_Val_Rule_UU>
    </AD_Val_Rule>
    <AD_Column type="table">
        <AD_Column_ID>6900</AD_Column_ID>
        <AD_Table_ID reference="id">480</AD_Table_ID>
        <AD_Client_ID>0</AD_Client_ID>
        <AD_Org_ID>0</AD_Org_ID>
        <AD_Val_Rule_ID reference="uuid" reference-key="AD_Val_Rule">3c8db4a7-e2b5-4d92-ac00-5d3fe37e6bf4</AD_Val_Rule_ID>
        <ColumnName>C_UOM_ID</ColumnName>
        <AD_Column_UU>ec5f530f-f186-4a74-9108-fc341f0f15db</AD_Column_UU>
    </AD_Column>
</idempiere>
